product_name,category,price,brand,description
NGK BPR7ES Spark Plug,Vehicle Spare Parts,85,NGK,"Standard spark plug for 100cc-150cc bikes. OEM fitment for Hero, Honda, Bajaj."
Bosch Spark Plug UR4CC,Vehicle Spare Parts,90,Bosch,Copper-core spark plug with high ignition reliability for commuter motorcycles.
Castrol Power1 4T Engine Oil 1L,Vehicle Spare Parts,380,Castrol,Fully synthetic 4T motorcycle engine oil 10W-50. Protects at high RPM.
Castrol Activ 4T Engine Oil 1L,Vehicle Spare Parts,295,Castrol,Mineral 4T engine oil 20W-40. Recommended for Hero Splendor and HF Deluxe.
Motul 3000 4T Engine Oil 1L,Vehicle Spare Parts,310,Motul,Mineral-based 4T oil 10W-30. Suitable for commuter and sports bikes.
Ceat Gripp X3 80/100-18 Tyre,Vehicle Spare Parts,1450,Ceat,Rear tyre for 150cc bikes. Diamond-pattern tread for superior grip on Indian roads.
MRF Zapper-F 2.75-17 Tyre,Vehicle Spare Parts,980,MRF,"Front tyre for standard motorcycles. Long mileage, stable cornering."
Apollo Actigrip R 90/90-17 Tyre,Vehicle Spare Parts,1250,Apollo,All-road rear tyre for 125cc-150cc bikes. Excellent wet-weather grip.
Exide Bike 35Ah Battery,Vehicle Spare Parts,1850,Exide,"Maintenance-free motorcycle battery for Hero Splendor, Honda Shine, Bajaj Pulsar."
Amaron Pro Bike Rider 2.5Ah Battery,Vehicle Spare Parts,1750,Amaron,VRLA sealed maintenance-free battery for 100cc-125cc bikes.
Endurance Disc Brake Pad,Vehicle Spare Parts,350,Endurance,"OEM-grade sintered disc brake pads for Bajaj Pulsar, Hero Glamour."
EBC Standard Brake Shoe,Vehicle Spare Parts,280,EBC,"Drum brake shoes for commuter bikes. Set of 2. Suitable for Hero, Honda."
Gabriel Hi-Rider Shock Absorber,Vehicle Spare Parts,950,Gabriel,"Rear shock absorber for Hero Splendor, HF Deluxe. Set of 2."
Minda Clutch Cable 100cm,Vehicle Spare Parts,120,Minda,"Universal motorcycle clutch cable 100cm. Compatible with Hero, Honda, TVS."
Uno Minda Accelerator Cable,Vehicle Spare Parts,110,Minda,Accelerator throttle cable for standard commuter motorcycles.
Varroc Air Filter Sponge,Vehicle Spare Parts,180,Varroc,Foam air filter element for Hero Splendor and Passion. Replace every 8000 km.
Bosch Oil Filter Motorcycle,Vehicle Spare Parts,220,Bosch,Screw-on oil filter for 150cc-200cc motorcycles. Traps fine particles.
Pricol Digital Speedometer,Vehicle Spare Parts,650,Pricol,Digital speedometer for commuter motorcycles with odometer and trip meter.
Hero Genuine Indicator Bulb 12V,Vehicle Spare Parts,45,Hero,Original equipment indicator bulb 12V 10W for Hero motorcycles.
Lumax Headlight Bulb H4 35W,Vehicle Spare Parts,95,Lumax,H4 halogen headlight bulb 12V 35/35W for two-wheelers.
Sameer Chain Sprocket Kit,Vehicle Spare Parts,750,Sameer,Chain and sprocket kit 428-116L for 100cc-125cc bikes.
D.I.D Chain 428 Standard 118L,Vehicle Spare Parts,480,DID,DID standard chain 428-118 links for commuter motorcycles.
Wim Plast Clutch Plate Set,Vehicle Spare Parts,650,Wim Plast,OEM-quality clutch plate set for Hero Splendor and Passion (5-plate set).
Minda Fuel Petcock Assembly,Vehicle Spare Parts,280,Minda,"Fuel petcock with strainer for Hero Splendor, HF Deluxe, Glamour."
Purolator Fuel Filter Inline,Vehicle Spare Parts,120,Purolator,Inline fuel filter for carburetted motorcycles. Removes dirt and sediment.
Minda Horn 12V Compact,Vehicle Spare Parts,145,Minda,Electromagnetic horn 12V for two-wheelers. High-decibel 105dB output.
Fiem Wing Mirror Universal,Vehicle Spare Parts,180,Fiem,"Universal rear-view mirror for motorcycles. Adjustable arm, black finish."
Piston Kit 50mm Standard,Vehicle Spare Parts,480,Rico Auto,"Standard-bore piston kit with rings, pin and clips for 100cc engine block."
Valve Guide Seat 20mm,Vehicle Spare Parts,220,Rico Auto,Inlet/exhaust valve guide set for 100cc 4-stroke single-cylinder engines.
Silencer End Muffler Guard,Vehicle Spare Parts,250,Gaadi,Chrome-finish silencer guard for Hero Splendor. Heat-resistant coating.
Bosch Rectifier Regulator,Vehicle Spare Parts,480,Bosch,Voltage rectifier-cum-regulator for 100cc-150cc motorcycles. 12V 6A output.
Rim Lock Nut 1.85x18,Vehicle Spare Parts,120,Speedwav,Rim lock for tubeless conversion on spoke wheels. 1.85 x 18 size.
TVS Eurogrip 90/90-17 Tyre,Vehicle Spare Parts,1200,TVS,Rear tyre for 125cc-150cc bikes. Ribbed tread for balanced wet/dry performance.
K&N High-Flow Air Filter,Vehicle Spare Parts,1800,KN,Performance reusable air filter for 150cc-200cc sports bikes. Washable.
WD-40 Multipurpose Spray 420ml,Vehicle Spare Parts,320,WD-40,"Anti-rust, penetrating, lubricating spray. Ideal for cables, chains, hinges."
Motul Chain Lube Spray 400ml,Vehicle Spare Parts,380,Motul,High-adhesion chain lubricant for open chains. Reduces friction and wear.
Havells 6A 1-Way Switch,Electrical,45,Havells,Modular 6A single one-way switch. Suitable for Havells modular plates.
Anchor Roma 6A 2-Way Switch,Electrical,55,Anchor,Anchor Roma series 6A two-way switch. Glossy white finish.
Legrand 16A Power Socket,Electrical,185,Legrand,"Legrand Myrius 16A 3-pin socket with shutter. Suitable for AC, geysers."
Havells 25A MCB Type C,Electrical,280,Havells,Miniature circuit breaker 25A single-pole Type C. Din-rail mount. ISI marked.
Schneider 32A MCB Type B,Electrical,320,Schneider,Schneider Easy9 32A SP MCB Type B. IEC 60898-1 compliant. For home circuits.
Legrand 4-Way MCB Box,Electrical,480,Legrand,4-way SP MCB distribution box with transparent cover. Wall mount.
Finolex 1.5 sq mm FRLS Wire 90m,Electrical,1850,Finolex,FR-LS copper wiring 1.5 sq mm 90m coil. Red/Blue/Yellow/Green available.
Finolex 2.5 sq mm FRLS Wire 90m,Electrical,2950,Finolex,FR-LS copper wiring 2.5 sq mm 90m coil. For power points and AC circuits.
Polycab 4 sq mm House Wire 90m,Electrical,4200,Polycab,Copper house wire 4 sq mm 90m coil. FRLS insulated. ISI certified.
Philips 9W LED Bulb Warm White,Electrical,99,Philips,Philips Stellar Bright 9W E27 LED bulb 3000K warm white. 950 lumen.
Syska 12W LED Bulb Cool White,Electrical,120,Syska,Syska 12W E27 LED bulb 6500K daylight. 1200 lumen. Energy star rated.
Bajaj 36W LED Batten Tube Light,Electrical,380,Bajaj,Bajaj Ledline 36W LED batten 4-ft. Cool white 6500K. 3600 lumen.
Wipro 20W LED Panel Light Round,Electrical,450,Wipro,Wipro Garnet 20W round LED panel 6500K for false ceiling. 200mm cut-out.
Orient 1200mm Ceiling Fan White,Electrical,1800,Orient,Orient 1200mm 3-blade ceiling fan 70W. White finish. BEE 5-star rated.
Havells 1200mm Ceiling Fan Brown,Electrical,2200,Havells,Havells Andria 1200mm ceiling fan. Brown antique finish. 4-speed regulator.
Crompton 5A Table Fan,Electrical,1200,Crompton,Crompton High Flo Jet 3-blade table fan. 3-speed settings. 400mm sweep.
Havells 1000W Dry Iron,Electrical,850,Havells,Havells Fabio dry iron 1000W. Non-stick soleplate. 3-position heat selector.
V-Guard 6-Socket Extension Board,Electrical,650,V-Guard,V-Guard VG 306 6-socket extension cord 5A with 5m cord and master switch.
Anchor 3-Pin 5A Plug Top,Electrical,25,Anchor,"Anchor Roma 3-pin 5A plug top. Suitable for TVs, fans, chargers."
Finolex Conduit Pipe 20mm 2m,Electrical,65,Finolex,Heavy-duty PVC conduit pipe 20mm diameter 2m length. ISI marked.
L&T DOL Starter 5HP,Electrical,1850,L&T,L&T direct-on-line starter 5HP 415V 3-phase for water pumps and motors.
Kirloskar 0.5HP Water Pump,Electrical,3800,Kirloskar,Kirloskar STAR-1 0.5HP monoblock water pump for residential use. 1500 LPH.
Havells 25A RCCB 30mA,Electrical,680,Havells,Havells RCCB 25A 2P 30mA trip. Protects against earth leakage. Din rail.
Prayog PVC Electrical Tape 18mm,Electrical,35,Prayog,Self-adhesive PVC insulation tape 18mm x 10m. Black. Flame-retardant.
Osram 18W CFL Bulb E27,Electrical,145,Osram,Osram Dulux 18W E27 CFL spiral bulb 6500K. 1200 lumen. Instant start.
GM Electricals 5A Dimmer Switch,Electrical,220,GM Electricals,GM Electricals modular 5A fan/light dimmer switch. Rotary control.
Wipro LED Driver 12V 20W,Electrical,280,Wipro,Constant voltage LED driver 12V DC 20W for LED strips and panels.
ABB 24-Hour Timer Switch 16A,Electrical,680,ABB,"ABB mechanical 24-hour timer switch for street lights, geysers, pumps. 16A."
Anchor Junction Box 4x4,Electrical,65,Anchor,PVC junction box 4 x 4 x 2 inch with knockout holes. Heavy-duty.
Stanley DT-832 Digital Multimeter,Electrical,650,Stanley,"Auto-ranging digital multimeter. Measures AC/DC voltage, current, resistance."
Havells 35A DP Isolator Switch,Electrical,480,Havells,DP 35A isolator switch for air conditioners and water heaters. Panel mount.
Polycab Flexible Cord 1.5A 10m,Electrical,380,Polycab,Polycab 2-core flexible copper cord 1.5A 10m for appliance connections.
Havells 400VA Pure Sine Inverter,Electrical,4800,Havells,"Havells Sinus 400VA pure sine-wave inverter for fans, CFL, LED, TV."
Siemens 40A Main Switch,Electrical,950,Siemens,Siemens double-pole 40A isolation switch for main panels. IEC 60669.
Amtech LED Night Lamp 0.5W,Electrical,45,Amtech,Plug-in LED indicator night lamp 0.5W B22. Blue/white. Minimal power.
Bajaj Bright 18W LED Tube,Electrical,320,Bajaj,Bajaj Bright 18W LED tube light 4000K neutral white. 1800 lumen direct wire.
Philips Smart LED Strip 5m,Electrical,1200,Philips,Philips Hue Lightstrip 5m LED strip. RGB colour changing. IP20 indoor.
Luminous 100Ah Battery,Electrical,9500,Luminous,Luminous Red Charge 100Ah tall tubular inverter battery. 36-month warranty.
Amaron Quanta 42Ah Battery,Electrical,4800,Amaron,Amaron Quanta 42Ah sealed VRLA battery for UPS and inverters.
Kirloskar 1HP Submersible Pump,Electrical,6800,Kirloskar,Kirloskar Jalraaj 1HP submersible pump 4 stage. 5000 LPH at 25m head.
Taparia 500g Claw Hammer,Hardware,320,Taparia,Drop-forged claw hammer 500g with fibreglass handle. Comfortable cushion grip.
Stanley 8m Measuring Tape,Hardware,380,Stanley,Stanley FatMax 8m x 32mm auto-lock tape with magnetic end hook and rubber case.
Bosch GSB 450 Drill Machine,Hardware,2200,Bosch,Bosch GSB 450 impact drill 450W variable-speed reversible with 10mm chuck.
Bosch 8mm Masonry Drill Bit,Hardware,65,Bosch,Bosch CYL-3 8mm masonry drill bit with carbide tip. For concrete and brick.
Taparia Combination Pliers 8 inch,Hardware,280,Taparia,Chrome vanadium combination pliers 200mm. Bi-material grip handles.
Stanley Insulated Screwdriver Set,Hardware,580,Stanley,Stanley VDE 6-piece insulated screwdriver set. 1000V rated. Flat + Phillips.
Taparia Adjustable Spanner 12 inch,Hardware,420,Taparia,Drop-forged adjustable spanner 300mm. Opens to 36mm jaw capacity.
Taparia Hacksaw Frame 12 inch,Hardware,180,Taparia,Adjustable hacksaw frame 300mm with 24 TPI blade included. Tubular steel body.
Stanley Box Cutter Knife,Hardware,145,Stanley,Stanley retractable box cutter with quick blade-change mechanism. Metal body.
Cello M-Seal Epoxy Putty 50g,Hardware,85,Cello,"Cello M-Seal two-part epoxy putty 50g. Bonds steel, iron, wood, PVC in 25 min."
Araldite Standard Epoxy 90ml,Hardware,180,Araldite,"Araldite Standard two-component epoxy adhesive 90ml. Bonds metal, wood, ceramic."
Fevicol SH White Adhesive 1kg,Hardware,280,Fevicol,"Fevicol SH solvent-free wood adhesive 1kg. For furniture, plywood, laminate."
Taparia Spirit Level 24 inch,Hardware,520,Taparia,"Aluminium spirit level 600mm with 3 vials (horizontal, vertical, 45 degree)."
Bosch 10.8V Cordless Drill Li-Ion,Hardware,5800,Bosch,"Bosch GSB 10.8V Li-Ion cordless drill/driver. 2-speed, 21 torque settings."
Fischer S6 Wall Plugs 50pc,Hardware,95,Fischer,Fischer S6 nylon anchor plug 50-piece pack. For light to medium fixings.
Asian Paints Acrylic Wall Putty 1L,Hardware,180,Asian Paints,Asian Paints Acrylic Wall Putty 1L. Smooth filling for cement plastered walls.
Berger Weathercoat Exterior 1L,Hardware,280,Berger,"Berger Weathercoat all-guard exterior emulsion 1L. Water-resistant, UV-stable."
Nippon Vinilex Interior Paint 1L,Hardware,250,Nippon Paint,Nippon Vinilex economy interior emulsion 1L. Smooth matt finish.
Ambica GI Wire 20 Gauge 1kg,Hardware,95,Ambica,Galvanised iron binding wire 20-gauge 1kg. For construction and fencing use.
Black & Decker 400W Jigsaw,Hardware,3500,Black & Decker,"Black & Decker 400W jigsaw with pendulum action. Cuts wood, metal, plastic."
Taparia Allen Key Set 9pc,Hardware,220,Taparia,Taparia metric hex Allen key set 9 pieces 1.5-10mm. Chrome vanadium steel.
Stanley Combination Square 12 inch,Hardware,420,Stanley,Stanley combination square 300mm with spirit level and adjustable blade.
Rawal Anchor Bolt M10x100mm 10pc,Hardware,180,Rawal,Rawal expansion anchor bolt M10x100mm 10-piece for concrete wall mounting.
Pidilite Dr Fixit Crack Fill 1kg,Hardware,280,Pidilite,"Pidilite Dr Fixit polyurethane crack filler 1kg. For concrete, brick cracks."
3M Scotch Masking Tape 48mm 50m,Hardware,145,3M,"3M Scotch masking tape 48mm x 50m. Clean peel, no residue. For painting."
Dewalt Drill Bit Set 13pc,Hardware,850,Dewalt,Dewalt HSS titanium drill bit set 13-piece 1.5-6.5mm in indexed metal case.
National Safety Helmet Yellow,Hardware,350,National Safety,HDPE safety helmet with ratchet suspension. IS 2925 certified. Yellow.
Dunlop Steel-Toe Safety Shoes,Hardware,1650,Dunlop,"Dunlop steel-toe safety shoe PVC upper, slip-resistant sole. Size 7-10."
Karam Full-Body Safety Harness,Hardware,2800,Karam,Karam PN 80 full-body safety harness. IS 3521 certified. For work at height.
Masonite 9mm Plywood Sheet 4x8ft,Hardware,1200,Masonite,"ISI-marked 9mm commercial plywood 4x8ft. Eucalyptus core, smooth face."
Kamdhenu TMT Bar 8mm per kg,Hardware,65,Kamdhenu,Kamdhenu Fe500D TMT reinforcement bar 8mm. Per kg. Earthquake-resistant.
PolyGrip PVC Adhesive 50ml,Hardware,65,PolyGrip,"PolyGrip contact adhesive 50ml for rubber, leather, foam, canvas bonding."
Lapp Cable Gland M20,Hardware,45,Lapp,Lapp SKINTOP brass cable gland M20 for armoured cable termination. IP68.
Taparia Hacksaw Blade 12in 32TPI,Hardware,25,Taparia,Bi-metal hacksaw blade 300mm 32TPI for cutting stainless steel.
Kenwood Cut-C Safety Gloves,Hardware,280,Kenwood,Cut-resistant gloves Level C. EN388 certified. For grinding and cutting.
3M P100 Half-Face Respirator,Hardware,1800,3M,3M 7502 half-face respirator with P100 filters. Reusable. Fits most sizes.
Gripwell Wire Rope 6mm 100m,Hardware,3800,Gripwell,6mm galvanised wire rope 6x7 core 100m coil. For hoisting and lashing.
Bison Fibre Cement Board 6mm,Hardware,480,Bison,"Fibre cement flat sheet 6mm 8x4ft for exterior cladding, wet area lining."
Paragon Slicker Men Slippers,Footwear,199,Paragon,"Paragon Slicker EVA slipper for men. Lightweight, cushioned, anti-skid sole."
Paragon Softflex Women Slippers,Footwear,179,Paragon,"Paragon Softflex ladies EVA slipper. Flexible, comfortable for all-day wear."
Bata Hawai Men Slippers,Footwear,249,Bata,Bata Hawai rubber slipper for men. Classic open-toe design. Machine washable.
Liberty Glito School Shoes Black,Footwear,799,Liberty,Liberty Glito lace-up school shoe for boys. Black genuine leather upper.
Bata North Star Canvas Shoe,Footwear,999,Bata,"Bata North Star white canvas sneaker for kids. Cotton upper, rubber sole."
Action Aster Running Shoe,Footwear,1299,Action,Action Aster lightweight running shoe. EVA midsole with mesh upper. Unisex.
Asian Shoes Spark-01 Running,Footwear,699,Asian,"Asian Spark-01 sports shoe for men. Lightweight mesh upper, thick rubber sole."
Lakhani Touch Sports Shoe,Footwear,799,Lakhani,"Lakhani Touch canvas sports shoe for men. Cushioned insole, anti-skid outsole."
VKC Pride Ladies Sandal,Footwear,299,VKC,"VKC Pride PU sandal for women. Block heel 1.5 inch, comfortable for daily use."
Bata Weinbrenner Leather Sandal,Footwear,1299,Bata,Bata Weinbrenner men leather sandal with velcro straps. Cushioned footbed.
Liberty Force 10 Sports Shoe,Footwear,1099,Liberty,"Liberty Force 10 lace-up sport shoe for men. Mesh upper, EVA midsole."
Relaxo Sparx Running Shoe SM-110,Footwear,999,Relaxo,"Sparx SM-110 men running shoe. Dual-density midsole, breathable mesh upper."
Khadims Pro Leather Formal Shoe,Footwear,1499,Khadims,"Khadim Pro genuine leather formal Oxford shoe. Cushioned insole, TPR sole."
Bata Marie Claire Block Heel,Footwear,1299,Bata,Bata Marie Claire 2.5 inch block-heel pump for women. Genuine leather.
Paragon Vertex Formal Shoe Men,Footwear,1099,Paragon,"Paragon Vertex lace-up formal shoe. Faux leather upper, cushioned insole."
Action Dotcom School Shoe,Footwear,649,Action,Action Dotcom black synthetic leather school shoe for boys. Velcro closure.
Flite FL23 Men Slipper,Footwear,229,Flite,"Flite FL23 rubber slipper for men. Anti-skid sole, lightweight, waterproof."
Bata Comfit Leather Oxford,Footwear,1999,Bata,Bata Comfit genuine leather Oxford shoe for men. Memory foam insole. Black.
Aqualite Premium Slipper Men,Footwear,179,Aqualite,"Aqualite Premium rubber slipper for men. Soft cushioned base, anti-skid sole."
Paragon Vertex Lady Sandal,Footwear,299,Paragon,"Paragon Vertex ladies flat sandal. Faux leather upper, soft footbed."
Reebok Classic Leather Sneaker,Footwear,3999,Reebok,"Reebok Classic Leather low-top sneaker. Premium leather upper, die-cut midsole."
Puma Smash V2 Sneaker,Footwear,2999,Puma,"Puma Smash V2 lace-up sneaker. Vulcanised sole, canvas upper. Unisex."
Woodland Camel Trekking Shoe,Footwear,4999,Woodland,"Woodland waterproof leather trekking shoe. High ankle support, grip sole."
Red Chief RC3560 Formal Shoe,Footwear,3499,Red Chief,"Red Chief genuine leather formal shoe. Cushioned insole, Goodyear welt."
Bata Power Extreme Sports Shoe,Footwear,1799,Bata,"Bata Power Extreme synthetic running shoe. Cushioned EVA midsole, mesh lining."
Liberty Prefect School Shoe Girls,Footwear,749,Liberty,Liberty Prefect black school shoe for girls. Mary Jane style with velcro strap.
VKC Crown Men Formal Sandal,Footwear,399,VKC,VKC Crown PU leather men formal sandal. Adjustable buckle strap.
Adidas Lite Racer Running Shoe,Footwear,3499,Adidas,Adidas Lite Racer CLN 2.0 lightweight running shoe. Cloudfoam midsole.
Flite FL14 Ladies Flat Sandal,Footwear,199,Flite,"Flite FL14 slim flat sandal for women. Thin PVC strap, flexible rubber sole."
Zovi Canvas Casual Shoe,Footwear,599,Zovi,"Zovi lace-up canvas casual shoe. Printed upper, rubber sole. Unisex."
Classmate A4 Notebook 200 Pages,Stationery,65,Classmate,Classmate 200-page A4 single-line notebook. 70 GSM paper. Hard laminated cover.
Classmate 5-Subject Spiral Book,Stationery,120,Classmate,Classmate spiral 5-subject notebook A4 200 pages. Subject dividers included.
Navneet Youva A4 Paper 500 Sheets,Stationery,280,Navneet,Navneet Youva A4 copier paper 70 GSM 500-sheet ream. FSC certified.
JK Copier A4 Paper 500 Sheets,Stationery,320,JK Copier,"JK Copier premium A4 paper 75 GSM 500 sheets. Bright white, jam-free."
Cello Gripper Ball Pen Blue Pk10,Stationery,60,Cello,"Cello Gripper 0.5mm ballpoint pen 10-piece pack. Blue ink, rubber grip."
Flair Writo Meter Ball Pen Pk10,Stationery,75,Flair,Flair Writo-Meter 0.7mm ballpoint pen 10-piece pack. Writes 5km.
Linc Glycer Ball Pen Blue Pk20,Stationery,90,Linc,Linc Glycer smooth-writing ballpoint pen 0.6mm 20-piece pack.
Rotomac Smart Gel Pen Blue,Stationery,25,Rotomac,"Rotomac Smart 0.5mm gel pen. Smooth ink flow, ergonomic grip. Blue."
Natraj HB Pencil Pack of 10,Stationery,30,Natraj,"Natraj HB hexagonal pencil 10-piece pack. Smooth dark writing, break-resistant core."
Apsara Platinum Extra Dark Pencil,Stationery,35,Apsara,Apsara Platinum Extra Dark 10-piece HB pencil. Ideal for exams and sketching.
Camlin Drawing Book A4 25 Sheets,Stationery,65,Camlin,Camlin Kokuyo A4 25-sheet drawing book. 120 GSM acid-free cartridge paper.
Apsara Gold Eraser Pack of 3,Stationery,20,Apsara,Apsara Gold erasers 3-piece. Cleans cleanly without smudging.
Camlin Geometry Box Premium,Stationery,120,Camlin,"Camlin 12-piece geometry box with compass, ruler, protractor, set squares."
Staedtler Noris Compass,Stationery,185,Staedtler,Staedtler Noris 552 compass with extension rod. For circles up to 300mm.
Faber-Castell Colour Pencils 24pc,Stationery,180,Faber-Castell,Faber-Castell Classic Colour 24-piece colour pencil set in tin box.
Camlin Watercolour Cake Set 12ml,Stationery,95,Camlin,Camlin 12-colour watercolour cake set with brush. Artist quality pigment.
Fevistik Glue Stick 8g,Stationery,25,Fevistik,"Fevistik glue stick 8g. Smooth application, dries clear, repositionable."
3M Scotch Magic Tape 19mm 33m,Stationery,65,3M,"3M Scotch Magic Tape 19mm x 33m. Matte finish, writable surface, invisible."
Cello Transparent Tape 24mm,Stationery,35,Cello,"Cello clear BOPP stationery tape 24mm x 30m. Strong adhesive, easy tear."
Pilot V7 Hi-Tecpoint Pen Blue,Stationery,85,Pilot,Pilot Hi-Tecpoint V7 0.7mm liquid ink rollerball pen. Smooth and consistent.
Luxor Sketch Pens 12 Colours,Stationery,65,Luxor,"Luxor sketch pens 12-colour set. Water-based, non-toxic, bright colours."
Flair Whiteboard Marker Blue,Stationery,45,Flair,"Flair dry-erase whiteboard marker blue. Chisel tip, easy wipe, non-toxic."
Classmate Short Hand Notebook,Stationery,55,Classmate,"Classmate shorthand notebook 180 pages. Narrow lines, stiff cover, spiral."
Navneet Graph Book A4 32 Pages,Stationery,45,Navneet,"Navneet A4 graph book 32-page 2mm grid. 90 GSM paper, ruled margin."
Solo Ring Binder A4 2D 25mm,Stationery,195,Solo,"Solo Regent A4 2D-ring binder 25mm. Leatherite cover, holds 200 sheets."
Leitz Lever Arch File A4,Stationery,280,Leitz,Leitz 180 degree lever arch file A4 80mm spine. 600-sheet capacity.
Kangaro DS-45S Stapler,Stationery,280,Kangaro,Kangaro DS-45S heavy-duty stapler. Capacity 45 sheets. Includes pins.
Kangaro DP-480 Hole Punch,Stationery,350,Kangaro,Kangaro DP-480 2-hole punch. Capacity 30 sheets. Adjustable paper guide.
Maped Cosmic 2-Hole Sharpener,Stationery,45,Maped,Maped Cosmic 2-hole sharpener with transparent shaving container. Metal blade.
Reynolds Jiffy Black Pen Pk10,Stationery,50,Reynolds,"Reynolds Jiffy 0.5mm ballpoint pen 10-piece pack. Black ink, smooth writing."
Karnataka SSLC Maths Textbook 10,Books,85,Karnataka Textbook Society,Karnataka SSLC 10th Standard Mathematics textbook. English medium. KSEEB.
Karnataka SSLC Science Textbook 10,Books,80,Karnataka Textbook Society,Karnataka SSLC 10th Science textbook Part 1 and 2. Physics Chemistry Biology.
Karnataka SSLC Social Science 10,Books,80,Karnataka Textbook Society,Karnataka SSLC 10th Social Science textbook. History Geography Civics Economics.
1st PUC Physics Textbook Karnataka,Books,95,Karnataka Textbook Society,"Karnataka 1st PUC Physics textbook. Covers mechanics, thermodynamics, optics."
1st PUC Chemistry Textbook KA,Books,90,Karnataka Textbook Society,"Karnataka 1st PUC Chemistry textbook. Physical, Inorganic, Organic Chemistry."
2nd PUC Maths Textbook Karnataka,Books,95,Karnataka Textbook Society,"Karnataka 2nd PUC Mathematics textbook. Calculus, Algebra, Vectors."
2nd PUC Biology Textbook Karnataka,Books,90,Karnataka Textbook Society,"Karnataka 2nd PUC Biology textbook. Botany, Zoology, Genetics, Ecology."
R.D. Sharma Class 10 Mathematics,Books,380,R.D. Sharma,R.D. Sharma Mathematics Class 10 with chapter-wise solved examples and exercises.
S.L. Arora Physics Class 11,Books,480,S.L. Arora,S.L. Arora New Simplified Physics Class 11 with NCERT solutions and numericals.
P.S. Verma Biology Class 11,Books,420,P.S. Verma,P.S. Verma Biology Class 11. Detailed diagrams and explanations.
Arihant SSLC Karnataka Maths Guide,Books,220,Arihant,Arihant SSLC Karnataka 10th Maths chapter-wise solved question bank 2024.
MTG SSLC Karnataka Science Guide,Books,210,MTG,MTG Score More SSLC Karnataka 10th Science guide with model question papers.
Oswaal SSLC Question Bank Maths 10,Books,250,Oswaal,Oswaal Karnataka SSLC question bank 10th Maths. Chapter-wise solutions.
Oswaal PUC Physics Question Bank,Books,280,Oswaal,Oswaal Karnataka 1st PUC Physics question bank. Previous papers included.
HC Verma Concepts of Physics Vol 1,Books,380,HC Verma,HC Verma Concepts of Physics Part 1. Foundation for JEE and competitive exams.
NCERT Exemplar Maths Class 9,Books,95,NCERT,NCERT Exemplar Problems Solutions Mathematics Class 9. Higher-order questions.
Together with Science Class 8 CBSE,Books,220,Rachna Sagar,Together With Science Class 8 CBSE study material with practice questions.
Kiran General Knowledge Today 2024,Books,280,Kiran Prakashan,Kiran General Knowledge Today 2024 English. For SSC Banking competitive exams.
Disha NDA 15 Year Solved Papers,Books,320,Disha,Disha 15 Years NDA/NA solved papers Maths and GAT. With explanation.
RS Aggarwal Quantitative Aptitude,Books,380,RS Aggarwal,RS Aggarwal Quantitative Aptitude for competitive exams. Banking SSC Railways.
Fast Track Objective Arithmetic,Books,280,Arihant,Arihant Fast Track Objective Arithmetic. Shortcuts for quick calculation.
English Grammar In Use Intermediate,Books,650,Cambridge,Raymond Murphy English Grammar in Use Intermediate. Self-study with answer key.
Oxford School Atlas 36th Edition,Books,285,Oxford,Oxford School Atlas 36th Edition. Colour maps India and world geography.
Manorama Yearbook 2024 English,Books,250,Manorama,Manorama Yearbook 2024. Current affairs GK encyclopedia for competitive exams.
Wings of Fire APJ Abdul Kalam,Books,199,Universities Press,Wings of Fire autobiography of Dr APJ Abdul Kalam. Inspiring journey.
The Alchemist Paulo Coelho,Books,199,HarperCollins,Paulo Coelho The Alchemist international bestseller. Paperback English edition.
Rich Dad Poor Dad Robert Kiyosaki,Books,299,Warner Books,Rich Dad Poor Dad what the rich teach their kids about money. Revised edition.
Navneet Digest Kannada 9th Std,Books,180,Navneet,Navneet digests for 9th standard Karnataka. Kannada medium all subjects.
Pratibha English Reader Class 3,Books,120,Sapna Book House,Pratibha English Reader for Class 3 Karnataka syllabus. Stories and exercises.
Karnataka Kannada Barakhadi Class 1,Books,85,DSP Books,Kannada learning workbook for Class 1. Dhwani Lekhana with Barakhadi practice.
India Gate Premium Basmati Rice 5kg,General Store,580,India Gate,"India Gate Premium aged Basmati rice 5kg. Long grain, aromatic. For biriyani."
Kohinoor Charminar Basmati Rice 5kg,General Store,520,Kohinoor,Kohinoor Charminar extra-long grain Basmati rice 5kg. Fluffy on cooking.
Tata Salt Iodised 1kg,General Store,28,Tata Salt,Tata Salt iodised vacuum-evaporated crystal salt 1kg. Contains iodine and iron.
Aashirvaad Whole Wheat Atta 5kg,General Store,280,Aashirvaad,"Aashirvaad superior MP whole wheat atta 5kg. High fibre, no added preservatives."
Pillsbury Chakki Fresh Atta 5kg,General Store,265,Pillsbury,Pillsbury chakki fresh whole wheat atta 5kg. Soft rotis guaranteed.
Fortune Refined Sunflower Oil 1L,General Store,180,Fortune,"Fortune refined sunflower oil 1L. Light, low cholesterol, high in Vitamin E."
Saffola Total Cooking Oil 1L,General Store,195,Saffola,Saffola Total blended cooking oil 1L. Losorb technology for less oil absorption.
Surf Excel Easy Wash 1kg,General Store,185,Surf Excel,Surf Excel Easy Wash detergent powder 1kg. Removes tough stains in hard water.
Ariel Matic Front Load 1kg,General Store,320,Ariel,Ariel Matic front-load detergent 1kg. Dissolves completely in cold water.
Colgate MaxFresh Toothpaste 150g,General Store,95,Colgate,Colgate MaxFresh toothpaste 150g. Blue gel with cooling crystals. Fights germs.
Pepsodent Germicheck 200g,General Store,85,Pepsodent,"Pepsodent Germicheck 200g toothpaste. Fights 10 germs, tartar protection."
Lifebuoy Total Antibacterial Soap,General Store,35,Lifebuoy,Lifebuoy Total 10 antibacterial soap 75g. 100% stronger germ protection.
Dove Beauty Bar 75g,General Store,58,Dove,Dove Beauty Bar 75g with moisturising cream. Gentler than regular soap.
Pantene Luscious Long Shampoo 400ml,General Store,299,Pantene,Pantene Pro-V Luscious Long shampoo 400ml. Strengthens hair from root to tip.
Head & Shoulders Anti-Dandruff 340ml,General Store,349,Head & Shoulders,"Head and Shoulders Anti-Dandruff shampoo 340ml. 7 benefits, proven formula."
Parachute Coconut Oil 500ml,General Store,145,Parachute,Parachute 100% pure coconut oil 500ml. For hair care and cooking.
Himalaya Neem Face Wash 150ml,General Store,145,Himalaya,"Himalaya Purifying Neem Face Wash 150ml. Controls acne, balances skin pH."
Vaseline Intensive Care Lotion 400ml,General Store,195,Vaseline,Vaseline Intensive Care body lotion 400ml. Heals and moisturises dry skin.
Brooke Bond Red Label Tea 500g,General Store,215,Brooke Bond,Brooke Bond Red Label CTC tea 500g. Kadak flavour with antioxidants.
Tata Tea Gold 500g,General Store,245,Tata Tea,Tata Tea Gold blended leaf and dust tea 500g. Superior Assam Darjeeling blend.
Nescafe Classic Coffee 100g,General Store,299,Nescafe,"Nescafe Classic instant coffee 100g. 100% pure coffee, rich dark roast flavour."
Bru Gold Instant Coffee 100g,General Store,265,Bru,Bru Gold instant coffee 100g. Perfect blend of coffee and chicory.
Maggi Masala Noodles Pack of 12,General Store,132,Maggi,Maggi 2-Minute Masala Noodles 12-pack of 70g each. Quick and easy meal.
Parle-G Glucose Biscuits 800g,General Store,60,Parle,Parle-G original glucose biscuits 800g. Made with whole wheat and vitamins.
Britannia Good Day Cashew 120g,General Store,25,Britannia,Britannia Good Day cashew biscuits 120g. Rich buttery flavour with cashew pieces.
Amul Butter 500g,General Store,270,Amul,Amul pasteurised butter 500g. Made from fresh cream. For cooking and baking.
Lizol Citrus Floor Cleaner 2L,General Store,285,Lizol,"Lizol Citrus floor cleaner 2L. Kills 99.9% germs. Works on marble, tiles."
Colin Glass Cleaner 500ml,General Store,115,Colin,Colin glass and surface cleaner spray 500ml. Streak-free finish on glass.
HIT Mosquito Killer Spray 200ml,General Store,125,HIT,HIT Flying Insect Killer spray 200ml. Kills mosquitoes and flies on contact.
Good Knight Fast Card 10pc,General Store,50,Good Knight,Good Knight Fast Card mosquito repellent 10 cards. No electricity needed.
Dettol Original Antiseptic 100ml,General Store,80,Dettol,Dettol Original antiseptic liquid 100ml. Kills germs for cuts and infections.
Savlon Antiseptic Cream 60g,General Store,75,Savlon,"Savlon Antiseptic Cream 60g. Prevents infection in cuts, burns, abrasions."
Dettol Handwash Pump 250ml,General Store,95,Dettol,Dettol Original antibacterial handwash pump 250ml. 10x more effective.
Pril Lemon Dishwash Gel 750ml,General Store,99,Pril,Pril Lemon and Lime dishwash gel 750ml. Cuts grease in cold water.
Vim Dish Wash Bar 200g Pack of 2,General Store,38,Vim,"Vim dish wash bar 200g pack of 2. Removes oil, grease, odour from utensils."
Scotch-Brite Scrub Pad 3pc,General Store,55,3M,Scotch-Brite Heavy Duty scrub sponge 3-piece pack. Green side for tough cleaning.
Tata Sampann Turmeric Powder 200g,General Store,70,Tata Sampann,"Tata Sampann unpolished turmeric powder 200g. Rich in curcumin, pure and natural."
Everest Garam Masala 100g,General Store,85,Everest,Everest Garam Masala 100g. Blend of 14 premium spices for authentic Indian cooking.
Disprin Regular 350mg 10 Tablets,General Store,20,Disprin,"Disprin aspirin 350mg 10-tablet strip. For headache, fever, body ache relief."
Electral ORS Sachet 21g,General Store,15,Electral,"Electral ORS sachet 21g. Glucose, sodium, potassium replenishment for dehydration."
